EIN,NAME,ICO,STREET,CITY,STATE,ZIP,GROUP,SUBSECTION,AFFILIATION,CLASSIFICATION,RULING,DEDUCTIBILITY,FOUNDATION,ACTIVITY,ORGANIZATION,STATUS,TAX_PERIOD,ASSET_CD,INCOME_CD,FILING_REQ_CD,PF_FILING_REQ_CD,ACCT_PD,ASSET_AMT,INCOME_AMT,REVENUE_AMT,NTEE_CD,SORT_NAME
161701355,RESONANCE PROJECT FOUNDATION,% NASSIM HARAMEIN,CALUSES CEDEX 74301,FRANCE,,00000-0000,0000,03,3,1000,200605,1,16,000000000,1,01,202412,3,2,02,0,12,86000,13331,13331,,
200072423,MINISTERIO VIDA ABUNTANTE-ABUNDANT LIFE MINISTRY-INC,% DARTHA RAE RIVERA,C1 CALLE MIOSOTIS-JARD DEL CARIBE,MAYAGUEZ,PR,00682-0000,0000,03,3,1270,200406,1,15,000000000,1,01,202512,0,0,02,0,12,0,0,0,X20,
200105601,JERUSALEM INSTITUTE FOR MARKET STUDIES INC,% ROBERT MARK SAUER,TEL AVIV,ISRAEL,,00000-0000,0000,03,3,2000,200312,4,15,000000000,1,01,202512,0,0,02,0,12,0,0,0,Q30,
200443576,INTERNATIONAL FACILITY MANAGEMENT ASSOCIATION INC,% CHAPTER ADMINISTRATOR,OTTAWA ONTARIO K1Z 7S8,CANADA,,00000-0000,7100,06,9,1000,198904,0,00,000000000,5,01,,0,0,01,0,06,,,,,OTTAWA CHAPTER
200443614,INTERNATIONAL FACILITY MANAGEMENT ASSOCIATION INC,% CHAPTER ADMINISTRATOR,"VANCOUVER,BC,V6A 4G2",CANADA,,00000-0000,7100,06,9,1000,198904,0,00,000000000,5,01,,0,0,01,0,06,,,,,BRITISH COLUMBIA CHAPTER
200443640,INTERNATIONAL FACILITY MANAGEMENT ASSOCIATION INC,% CHAPTER PRESIDENT,"REGINA,SK,54P 3B8",CANADA,,00000-0000,7100,06,9,1000,198904,0,00,000000000,5,01,,0,0,01,0,06,,,,,REGINA CHAPTER
200644142,STRATEGIC SOLUTIONS NETWORK INC,% SANA JOSEPH,1013 ESTATE WHIM,FREDERIKSTED,VI,00840-3752,0000,03,3,1000,201511,1,16,000000000,1,01,202412,0,0,02,0,12,0,0,0,P20,
200835061,FRIENDS OF JOURNALISTS FOR HUMAN RIGHTS INC,% ALEXANDRA SICOTTE - LEVESQUE,TORONTO ON M5V 3A8,CANADA,,00000-0000,0000,03,3,1000,200411,1,15,000000000,1,01,202512,0,0,02,0,12,0,0,0,R63,
201096061,KAMIEN FAMILY FOUNDATION,% ANITA KAMIEN,LOCAL,ISRAEL,,00000-0000,0000,03,3,1000,200603,1,04,000000000,1,01,202512,3,1,00,1,12,46916,1886,,B99,
201430313,AMERICAN FRIENDS OF THE FRANCO AMERICAN INSTITUTE INC,% MICHAEL LAVEAN,ROMILLE BRITTANY 35850,FRANCE,,00000-0000,0000,03,3,1200,200501,1,17,000000000,1,01,202412,4,3,02,0,12,138589,47931,7840,B11,
201445557,HUANGGANG HIGH SCHOOL OVERSEAS,% YINGCHUN DAI,CALGARY ALBERTA T2X 0E2,CANADA,,00000-0000,0000,03,3,1000,201203,1,15,000000000,1,01,202512,0,0,02,0,12,0,0,0,B84,
201567425,IMAGINE GLOBAL INCORPORATED,% ABE CARMELI OREN FUERST,HERZLIYA,ISRAEL,,00000-0000,0000,03,3,1200,200509,1,15,000000000,1,01,202412,0,0,02,0,12,0,0,0,H05,
201653634,SANABEL MICROFINANCE OF THE ARAB COUNTRIES INC,,NEW CAIRO 11853,EGYPT,,00000-0000,0000,03,3,1000,200601,2,15,000000000,1,01,202406,4,4,01,0,06,482875,346026,346026,Q32,
201654549,TEXAS 4-H,% DEBORAH MOORE,KYLE TX 78640,AFGHANISTAN,,00000-0000,5932,03,9,1200,201111,1,15,000000000,5,01,202508,0,0,02,0,08,0,0,0,,KYLE 4-H CLUB
201880890,OSSIES FAIR HOUSING AND HOMECARE INC,% DIANA L BROWN,ALBANY 31721,GEORGIA,,00000-0000,0000,03,3,1000,202407,1,16,000000000,1,01,202512,0,0,02,0,12,0,0,0,L80,
201897309,INSTITUTE ARTES LIBERALES FOUNDATION,% JULIE J KIDD,WARSAW 00-378,POLAND,,00000-0000,0000,03,3,2000,200610,2,11,000000000,1,01,202412,4,4,01,0,12,219158,313570,313570,B42,
202032957,OLD ROAD FUND INC,% R BRAXTON HILL III,ST JOHNS ANTIGUA 00000-0000,ANTIGUA & BARBUDA,,00000-0000,0000,03,3,1200,200503,1,15,000000000,1,01,202412,4,4,01,0,12,352887,255574,255574,P20,
202318102,MESHI EARLY CHILDHOOD DEVELOPMENT CENTER,,JERUSALEM MIDDLE EAST 97253,ISRAEL,,00000-0000,0000,03,3,1000,200306,2,11,000000000,1,01,202412,7,8,01,0,12,5496648,13186093,13186093,B28,
202866021,SOCIETY FOR NEUROECONOMICS INC,% PODIUM SPECS,VICTORIA BRITISH COLUMBIA V8N 1X6,CANADA,,00000-0000,0000,03,3,2000,200509,1,16,000000000,1,01,202512,4,4,01,0,12,317595,222963,222963,V22,
202956696,GUSENGHWE INC,% RICHARD CHANG,330 WESTERN BLVD APT 1014,TAMUNING,GU,96913-5124,0000,03,3,1200,200707,1,15,000000000,1,01,202512,0,0,02,0,12,0,0,0,T20,
203193115,AMERICAN FRIENDS OF UHN INC,% HORACE POLLACK CFO,TO ONTARIO M5G 2C4,CANADA,,00000-0000,0000,03,3,1000,200511,4,15,000000000,1,01,202603,3,6,01,0,03,99591,1027351,1027351,E112,
203234211,TOASTMASTERS INTERNATIONAL,% CTS CLUB,VANCOUVER BRITISH COLUMBIA V5Z 2,CANADA,,00000-0000,0820,03,9,2000,194505,1,16,059319000,1,01,202512,0,0,02,0,12,0,0,0,,798351 CTS CLUB
203317540,INTERNATIONAL SCHOOL PSYCHOLOGY ASSOCIATION INC,% DR ROBERT D CLARK,EGKOMI 1095,CYPRUS,,00000-0000,0000,03,3,2100,200605,1,16,000000000,1,01,202412,4,3,01,0,12,484674,80591,80591,V23,
203825842,SEASTAR SERVICES INC,% DEBORAH FINLEY JACKSON,9160 ESTATE THOMAS,ST THOMAS,VI,00802-3641,0000,03,3,1000,201209,1,15,000000000,1,01,202512,0,0,02,0,12,0,0,0,P20,
203868031,TOASTMASTERS INTERNATIONAL,% SOUTH COUNTY PRESENTERS,SINGAPORE 79347,SINGAPORE,,00000-0000,0820,03,9,2000,194505,1,16,059319000,5,01,202512,0,0,02,0,12,0,0,0,N500,834852 SOUTH COUNTY PRESENTERS
203925212,ISAIAH 61 INTERNATIONAL INC,% MELODY L FIREBAUGH,QUITO PICHINCHA,ECUADOR,,00000-0000,0000,03,3,1700,200611,1,15,000000000,1,01,202512,0,0,02,0,12,0,0,0,P32,
204416398,HADDEN FAMILY FOUNDATION,% PAT HADDEN,BURLINGTON ONTARIO L7L 0G5,CANADA,,00000-0000,0000,03,3,1000,200610,4,04,000000000,1,01,202512,5,4,00,1,12,764259,354223,,T22,
204733601,AMERICAN FRIENDS OF THE ART GALLERY OF ONTARIO INC,% KATE HALPENNY,TORONTO ON M5T 1G4,CANADA,,00000-0000,0000,03,3,1000,200612,4,15,000000000,1,01,202512,3,4,01,0,12,47548,403049,403049,A11,
204792577,INTERNATIONAL FEDERATION FOR PROFESSIONAL SPEAKERS INC,,TORONTO ONTARIO M3B 3N7,CANADA,,00000-0000,0000,06,3,2000,200706,2,00,000000000,1,01,202412,4,4,01,0,12,202284,105651,104630,S41,
204859523,MARIANAS RACING ASSOCIATION,% DAVID J BURGER,PO BOX 504053,SAIPAN,MP,96950-4053,0000,03,3,1200,202209,1,15,000000000,1,01,202412,2,3,02,0,12,16591,37473,37473,N70,
205238137,RENAISSANCE COALITION,% RANDALL R BRENNAN,"MBABANE,ESWATINI,H100",SOUTH AFRICA,,00000-0000,8029,03,9,7000,198208,1,10,000000000,5,01,,0,0,06,0,12,,,,,MISSIONS IN AFRICA INC
205478637,BOBS AND CROW LAKES FOUNDATION,% ALEXANDER CAMERON,VERONA ONTARIO K0H 2W0,CANADA,,00000-0000,0000,03,3,1000,200709,4,15,000000000,1,01,202506,0,0,02,0,06,0,0,0,C32,
205526017,TOASTMASTERS INTERNATIONAL,% LAUGHING MATTERS,WINNIPEG MANITOBA R2G 3H8,CANADA,,00000-0000,0820,03,9,2000,194505,1,16,059319000,1,01,202312,0,0,02,0,12,0,0,0,,947037 LAUGHING MATTERS
205537750,ACC KEENE FARM INC,,ANJOU QUEBEC H1M-1B3,CANADA,,00000-0000,0000,03,3,1000,200705,1,17,000000000,1,01,202510,0,0,02,0,10,0,0,0,C11,
205853356,POLAR EDUCATION FOUNDATION,% MARY-ELLEN CONNOLLY,CHELSEA QUEBEC J9B2G6,CANADA,,00000-0000,0000,03,3,1200,201407,1,15,000000000,1,01,202512,3,4,01,0,12,63039,437001,437001,C60,
206652035,RANDOLPH H KNIGHT CHARITABLE FOUNDATION,% MARK THAW,PO BOX 8209,ST THOMAS,VI,00801-1209,0000,03,3,1000,201002,1,04,000000000,2,01,202512,6,3,00,1,12,2000695,25001,,T22,
206975076,PRIOR FAMILY FOUNDATION,% GERTRUDE PRIOR,PO BOX 12030,ST THOMAS,VI,00801-5030,0000,03,3,1000,200804,1,04,000000000,2,01,202512,8,4,00,1,12,10625258,410289,,T20,GERTRUDE J PRIOR TTEE
208080321,AMERICAN SCHOOLS INTERNATIONAL INCORPORATED,% MARY WEISS,OXFORD KOSOVO 10000,KOSOVO,,00000-0000,0000,03,3,2000,202404,1,11,000000000,1,01,202206,6,6,01,0,06,2719609,1410030,1410030,B20,
208394751,CHALLENGEAID FOUNDATION,% EUGENE FRANK HODAL,LLANDOVERY WALES SA19 8TE,UNITED KINGDOM,,00000-0000,0000,03,3,1000,200703,1,15,000000000,1,01,202512,0,0,02,0,12,0,0,0,O50,
208713975,KNIGHTS OF COLUMBUS,% MARTIN,CMR B467 BOX 7925,APO,AE,09096-0000,0188,08,9,1000,000000,0,00,000000000,5,01,202312,0,0,02,0,12,0,0,0,,10292 LIEUTANT GEN TIMOTHY J MAUDE
222514884,INSTITUTE FOR RESEARCH IN CLASSICAL PHILOSOPHY AND SCIENCE INC,,BAYSVILLE ON P0B 1A0,CANADA,,00000-0000,0000,03,3,2000,198407,1,15,124123994,1,01,202512,0,0,02,0,12,0,0,0,,
222530466,ISE CULTURAL FOUNDATION INC,,TOKYO 100-0006,JAPAN,,00000-0000,0000,03,3,2000,198408,1,04,093090000,1,01,202412,2,1,00,1,12,11516,1,,,
223275938,PADMASAMBHAVA BUDDHIST CENTER OF PUERTO RICO,% NESTOR KUILAN,1453 ALFONSO AVE,ALTAMIRA RIO PIEDROS,PR,00921-0000,9243,03,9,7000,199209,1,10,001029123,5,01,,0,0,06,0,12,,,,,
223480547,IGLESIA PENTECOSTAL VIDA Y VERDAD DE LAS ASAMBLEAS DE DIOS,% BARBARA NIEVES,PO BOX 2877,GUAYAMA,PR,00785-2877,1678,03,9,7000,196408,1,10,001002029,5,01,,0,0,06,0,12,,,,,
230959360,PENNSYLVANIA MOTOR TRUCK ASSOCIATION,% PENNSYLVANIA MOTOR TRUCK ASSOCIAT,CAMP HILL,AKROTIRI,,00000-0000,0000,06,3,2000,194502,2,00,920059279,5,01,202412,6,6,01,0,12,2533603,1200929,1182307,,
233050252,GLOBAL IMPORTUNE INC,% MARK KONRAD,LONDON ONTARIO N5Y 2X4,CANADA,,00000-0000,0000,03,3,1200,200206,1,15,000000000,1,01,202509,0,0,02,0,09,0,0,0,Q700,
233070432,HAVEN YOUTH LACROSSE,% MARESA MAHONEY,SWARTHMORE PA 19081,PARAGUAY,,00000-0000,0000,03,3,1000,200204,1,16,000000000,1,01,202512,0,0,02,0,12,0,0,0,N60,
237020087,AMERICAN FEDERATION OF TEACHERS,% ROSA SOTO-THOMAS,PO BOX 1530,KINGSHILL,VI,00851-1530,0787,05,9,3000,196810,2,00,263264279,5,01,202506,4,4,01,0,06,466669,403966,403966,,1826 ST CROIX
237024566,PROFESSIONAL HOCKEY PLAYERS ASSOCIATION,% MR LARRY LANDON,NIAGARA FALLS ON L2J 2K9,CANADA,,00000-0000,0000,05,3,3000,197506,2,00,200264205,5,01,202504,7,6,01,0,04,6542517,2650900,2650900,,
237034732,FAMILIES PLANNING ASSOCIATION OF PUERTO RICO,,PO BOX 192379,SAN JUAN,PR,00919-2379,0000,03,3,1200,195709,1,15,602059000,5,01,202312,6,6,01,0,12,4890073,1711211,1683180,,
237050819,ARNOLD AIR SOCIETY-SILVER WINGS,% UNIV OF PUERTO RICO MAYAGUEZ,ROTC BLDG SANCHEZ HALL BOX 9000,MAYAGUEZ,PR,00681-0000,1224,04,9,3000,197001,2,00,059000000,5,01,202405,0,0,02,0,05,0,0,0,,756 AFROTC DET
237057588,TAU BETA PI ASSOCIATION INC,% JOSUAN H SANCHEZ,PO BOX 9000,MAYAGUEZ,PR,00681-9000,0782,07,9,1000,197003,2,00,059319000,5,01,202605,0,0,02,0,05,0,0,0,,PUERTO RICO ALPHA CHAPTER
237063049,NATIONAL TREASURY EMPLOYEES UNION,% HIRAM GONZALEZ,PO BOX 37297,SAN JUAN,PR,00937-0297,0878,05,9,3000,194508,2,00,263264480,5,01,202509,0,0,02,0,09,0,0,0,,188 NTEU CHAPTER
237067592,THE GOVERNORS OF THE UNIVERSITY OF CALGARY,% CONTROLLERS OFFICE ADMIN RM 201,CALGARY AB T2N1N4,CANADA,,00000-0000,0000,03,3,1000,196912,1,11,030000000,1,01,202503,9,9,01,0,03,4083730580,1269876563,1269761785,,
237068987,ELISABETH HEIM E V,,BOHMERSTRASSE,GER,,00000-0000,0000,03,2,1270,197006,2,10,030382029,1,01,,0,0,06,0,12,,,,,
237069575,UNIVERSITY OF SASKATCHEWAN,% TAX DEPT,SASKATOON SASKATCHEWAN S7N 5A2,CANADA,,00000-0000,0000,03,3,2000,197006,4,11,030000000,1,01,202504,9,9,01,0,04,2257014245,972501077,962171944,B43Z,
237069576,UPPER CANADA COLLEGE FOUNDATION,,TORONTO ONTARIO M4V1W6,CANADA,,00000-0000,0000,03,3,2000,197006,4,17,059000000,1,01,202506,9,8,01,0,06,121880274,21126217,11266401,,
237069639,SAINT JOHN BAPTIST COLLEGE IN THE UNIVERSITY OF OXFORD,% ZOE HANCOCK,OXFORD OX1 3JP,UNITED KINGDOM,,00000-0000,0000,03,3,1200,201506,2,11,046030000,1,01,202507,9,9,01,0,07,1266193400,199477182,91098059,B43,
237069967,YORK UNIVERSITY,,TORONTO ON M3J1P3,CANADA,,00000-0000,0000,03,3,2000,202410,4,11,046030000,1,01,202504,9,9,01,0,04,2738822163,1022387878,1017395087,B43,
237075452,CAMBRIAN HEIGHTS BAPTIST CHURCH,,CALGARY,CANADA,,00000-0000,0000,03,3,7000,197001,4,10,001000000,1,01,,0,0,06,0,12,,,,,
237088831,CARLETON UNIVERSITY,% J K KETTLES DIR OF FIN,OTTAWA ONTARIO K1S 5B6,CANADA,,00000-0000,0000,03,3,2000,197012,4,11,046030927,1,01,202504,9,9,01,0,04,1398304287,586364620,586364620,,
