RETURN_ID,FILING_TYPE,EIN,TAX_PERIOD,SUB_DATE,TAXPAYER_NAME,RETURN_TYPE,DLN,OBJECT_ID,XML_BATCH_ID
24099284,EFILE,131520977,202509,2026,THE ART & ANTIQUE DEALERS LEAGUE OF AMERICA INC,990,93493013019986,202630139349301998,2026_TEOS_XML_01A
23991377,EFILE,203349625,202506,2026,TIFERET YERUSHALAYIM FOUNDATION,990,93493014010826,202620149349301082,2026_TEOS_XML_01A
24102871,EFILE,920724925,202406,2026,Phi Sigma Kappa Delta Triton,990,93493038003126,202620389349300312,2026_TEOS_XML_02A
24001331,EFILE,813192688,202412,2026,KRE8IVU INC,990,93493033014876,202620339349301487,2026_TEOS_XML_02A
24433471,EFILE,530196605,202506,2026,American National Red Cross & Its Constituent Chapters and Branches,990,93493082001096,202640829349300109,2026_TEOS_XML_03A
24401051,EFILE,934054155,202412,2026,FUTURE GIVEN FOUNDATION INC,990PF,93491072005286,202630729349100528,2026_TEOS_XML_03A
24154274,EFILE,530196605,202506,2026,American National Red Cross & Its Constituent Chapters and Branches,990T,93393112006056,202601129339300605,2026_TEOS_XML_04A
,EFILE,394993812,202512,2026,DARE TO LOVE MINISTRIES INC,990,93493133081336,202631339349308133,2026_TEOS_XML_05A
,EFILE,992834231,202512,2026,EMPTY THE BENCH INC,990,93493149001306,202601499349300130,2026_TEOS_XML_06A
